<serviceGroup>
	<service name="CollectGridData"
		 targetNamespace="http://org.cyberaide/webprojects/benchmarks/benchmarkws/">
		<description>
			Benchmark web service used to get statistics from grids.
		</description>
		<messageReceivers>
			<messageReceiver mep="http://www.w3.org/2004/08/wsdl/in-only" class="org.apache.axis2.rpc.receivers.RPCInOnlyMessageReceiver" />
			<messageReceiver  mep="http://www.w3.org/2004/08/wsdl/in-out"  class="org.apache.axis2.rpc.receivers.RPCMessageReceiver"/>
		</messageReceivers>
		<parameter name="ServiceClass" locked="false">org.cyberaide.webprojects.benchmarks.benchmarkws.CollectGridData</parameter>
	</service>

	<service name="GridDataService" 
		 targetNamespace="http://org.cyberaide/webprojects/benchmarks/benchmarkws/">
		<Description>
			Used to access the submitted grid data
		</Description>
		<messageReceivers>
			<messageReceiver mep="http://www.w3.org/2004/08/wsdl/in-only" class="org.apache.axis2.rpc.receivers.RPCInOnlyMessageReceiver" />
			<messageReceiver  mep="http://www.w3.org/2004/08/wsdl/in-out"  class="org.apache.axis2.rpc.receivers.RPCMessageReceiver"/>
		</messageReceivers>
		<parameter name="ServiceClass" locked="false">org.cyberaide.webprojects.benchmarks.benchmarkws.GridDataService</parameter>
	</service>
</serviceGroup>
